Workbook

Sheet FC_Chain_Data
A1: No | B1: FE구분 | C1: FE(고장영향) | D1: S(심각도) | E1: L2-1.공정번호 | F1: 공정명 | G1: FM(고장형태) | H1: 4M | I1: 작업요소(WE) | J1: FC(고장원인) | K1: B5.예방관리(발생 전 방지) | L1: A6.검출관리(발생 후 검출) | M1: O | N1: D | O1: AP | P1: LinkID | Q1: FM_ID | R1: FE_ID | S1: FC_ID
A2: 1 | B2: YP | C2: PR 두께 Spec Out으로 인한 패턴 불량 | D2: 5 | E2: 01 | F2: 작업환경 | G2: 파티클 초과 | H2: EN | I2: 클린룸 | J2: 풍속(Air Velocity, m/s) 부적합 | K2: P:클린룸 작업자 교육 및 인증, 작업표준서 게시 작업자 교육/숙련도 평가 실시 | L2: D:Particle Counter 파티클 측정, 매 근무조 실시 | M2: 3 | N2: 8 | O2: L | P2: auto-PF-L3-001-EN-001-C-002-FC | Q2: PF-L2-001-M-001 | R2: PF-L1-YP-003-006-006 | S2: PF-L3-001-EN-001-C-002-FC
A3: 2 | B3: YP | C3: PR 두께 Spec Out으로 인한 패턴 불량 | D3: 5 | E3: 01 | F3: 작업환경 | G3: 파티클 초과 | H3: EN | I3: 클린룸 | J3: FFU가 청정 공기를 순환·공급하여 클린룸 청정도를 유지한다 부적합 | K3: P:보관 조건(온습도) 관리 | L3: D:육안 검사, 외관 확인, 매 LOT | M3: 3 | N3: 7 | O3: L | P3: f17a0c18-c43e-4188-a570-e8a107f1840f | Q3: PF-L2-001-M-001 | R3: PF-L1-YP-003-006-006 | S3: PF-L3-001-EN-001-G-002-FC
A4: 3 | B4: YP | C4: PR 두께 Spec Out으로 인한 패턴 불량 | D4: 5 | E4: 01 | F4: 작업환경 | G4: 파티클 초과 | H4: EN | I4: 클린룸 | J4: 온습도 제어 이탈 | K4: P:FFU 풍속 정기 측정 및 PM, 이상 시 알람 인터록 보관 조건(온습도) 관리 | L4: D:Particle Counter 파티클 측정, 매 근무조 실시 | M4: 2 | N4: 8 | O4: L | P4: PF-FC-001-M001-EN001-K001 | Q4: PF-L2-001-M-001 | R4: PF-L1-YP-003-006-006 | S4: PF-L3-001-EN-001-K-001
A5: 4 | B5: YP | C5: PR 두께 Spec Out으로 인한 패턴 불량 | D5: 5 | E5: 01 | F5: 작업환경 | G5: 파티클 초과 | H5: EN | I5: FFU(Fan Filter Unit) | J5: 풍속 저하 | K5: P:FFU 풍속 정기 측정 및 PM, 이상 시 알람 인터록 작업표준서(WI) 개정 | L5: D:Particle Counter 파티클 측정, 매 근무조 실시 | M5: 2 | N5: 8 | O5: L | P5: PF-FC-001-M001-EN001-K002 | Q5: PF-L2-001-M-001 | R5: PF-L1-YP-003-006-006 | S5: PF-L3-001-EN-001-K-002
A6: 5 | B6: YP | C6: PR 두께 Spec Out으로 인한 패턴 불량 | D6: 5 | E6: 01 | F6: 작업환경 | G6: 파티클 초과 | H6: IM | I6: HEPA 필터 소모품 | J6: HEPA 필터 성능 저하 | K6: P:HEPA 필터 정기 교체 주기 관리, 차압 모니터링 수입품질 관리(IQC), 자재 성적서(COC) 확인 | L6: D:Particle Counter 파티클 측정, 매 근무조 실시 | M6: 4 | N6: 8 | O6: M | P6: PF-FC-001-M001-IM001-K001 | Q6: PF-L2-001-M-001 | R6: PF-L1-YP-003-006-006 | S6: PF-L3-001-IM-001-K-001
A7: 6 | B7: YP | C7: PR 두께 Spec Out으로 인한 패턴 불량 | D7: 5 | E7: 01 | F7: 작업환경 | G7: 파티클 초과 | H7: MC | I7: 항온항습기 | J7: 설비 가동률 저하 | K7: P:항온항습기 정기 PM 및 교정, 온습도 실시간 모니터링 예방유지보전(PM) | L7: D:Particle Counter 파티클 측정, 매 근무조 실시 | M7: 3 | N7: 8 | O7: L | P7: PF-FC-001-M001-MC001-K001 | Q7: PF-L2-001-M-001 | R7: PF-L1-YP-003-006-006 | S7: PF-L3-001-MC-001-K-001
A8: 7 | B8: YP | C8: PR 두께 Spec Out으로 인한 패턴 불량 | D8: 5 | E8: 01 | F8: 작업환경 | G8: 파티클 초과 | H8: MC | I8: 항온항습기 | J8: 습도(Humidity, %RH) 부적합 | K8: P:항온항습기 정기 PM 및 교정, 온습도 실시간 모니터링 | L8: D:Particle Counter 파티클 측정, 매 근무조 실시 | M8: 3 | N8: 8 | O8: L | P8: PF-FC-001-M001-MC001-K002 | Q8: PF-L2-001-M-001 | R8: PF-L1-YP-003-006-006 | S8: PF-L3-001-MC-001-K-002
A9: 8 | B9: YP | C9: PR 두께 Spec Out으로 인한 패턴 불량 | D9: 5 | E9: 01 | F9: 작업환경 | G9: 파티클 초과 | H9: MN | I9: 클린룸 담당자 | J9: 작업 숙련도 부족 | K9: P:클린룸 작업자 교육 및 인증, 작업표준서 게시 작업자 교육/숙련도 평가 실시 | L9: D:Particle Counter 파티클 측정, 매 근무조 실시 육안 검사, 외관 확인, 매 LOT | M9: 3 | N9: 8 | O9: L | P9: PF-FC-001-M001-MN001-K001 | Q9: PF-L2-001-M-001 | R9: PF-L1-YP-003-006-006 | S9: PF-L3-001-MN-001-K-001
A10: 9 | B10: YP | C10: Particle 오염으로 인한 제품 특성 이상 | D10: 5 | E10: 10 | F10: IQA(수입검사) | G10: 두께 규격 이탈 | H10: MC | I10: 두께 측정기 | J10: 광학 해상도(Optical Resolution, μm) 부적합 | K10: P:두께 측정기 정기 교정(MSA), PM 일정 관리 | L10: D:두께 측정기 전수 측정, 버니어 캘리퍼스 교차 검증 | M10: 4 | N10: 5 | O10: L | P10: auto-PF-L3-010-MC-001-C-002-FC | Q10: PF-L2-010-M-001 | R10: PF-L1-YP-003-001-001 | S10: PF-L3-010-MC-001-C-002-FC
A11: 10 | B11: YP | C11: Particle 오염으로 인한 제품 특성 이상 | D11: 5 | E11: 10 | F11: IQA(수입검사) | G11: 두께 규격 이탈 | H11: MC | I11: HIGH POWER SCOPE | J11: 광학 해상도(Optical Resolution, μm) 부적합 | K11: P:두께 측정기 정기 교정(MSA), PM 일정 관리 | L11: D:두께 측정기 전수 측정, 버니어 캘리퍼스 교차 검증 | M11: 3 | N11: 5 | O11: L | P11: PF-FC-010-M001-MC001-K002 | Q11: PF-L2-010-M-001 | R11: PF-L1-YP-003-001-001 | S11: PF-L3-010-MC-001-K-002
A12: 11 | B12: YP | C12: Particle 오염으로 인한 제품 특성 이상 | D12: 5 | E12: 10 | F12: IQA(수입검사) | G12: 두께 규격 이탈 | H12: MC | I12: 두께 측정기 | J12: HIGH POWER SCOPE가 Wafer를 Auto Loading하여 외관 검사를 수행한다 부적합 | K12: P:예방유지보전(PM) | L12: D:바코드 스캐너, 검사, 매 LOT | M12: 4 | N12: 3 | O12: L | P12: 84cd474c-f8a2-4204-ad44-15732d3c6943 | Q12: PF-L2-010-M-001 | R12: PF-L1-YP-003-001-001 | S12: PF-L3-010-MC-001-G-002-FC
A13: 12 | B13: YP | C13: Particle 오염으로 인한 제품 특성 이상 | D13: 5 | E13: 10 | F13: IQA(수입검사) | G13: 두께 규격 이탈 | H13: MC | I13: 두께 측정기 | J13: 측정 오차 | K13: P:두께 측정기 정기 교정(MSA), PM 일정 관리 예방유지보전(PM) | L13: D:두께 측정기 전수 측정, 버니어 캘리퍼스 교차 검증 | M13: 3 | N13: 5 | O13: L | P13: PF-FC-010-M001-MC001-K001 | Q13: PF-L2-010-M-001 | R13: PF-L1-YP-003-001-001 | S13: PF-L3-010-MC-001-K-001
... A119: 118 | B119: YP | C119: Bump Lift-off | D119: 7 | E119: 200 | F119: OGI/Packing | G119: 포장 불량(Packaging Defect) | H119: MN | I119: 포장 작업자 | J119: 체크리스트 누락 | K119: P:포장 작업자 교육, 포장 체크리스트 표준화 토크 관리 기준 설정 | L119: D:포장 외관 전수 육안검사, 포장재 진공도 검사 바코드 스캐너, 검사, 매 LOT | M119: 5 | N119: 6 | O119: M | P119: PF-FC-200-M001-MN001-K001 | Q119: PF-L2-200-M-001 | R119: PF-L1-YP-003-005-005 | S119: PF-L3-200-MN-001-K-001

Sheet 검증1_필드완전성
A1: 검증 항목 | B1: 검증 공식 | C1: 결과 | D1: 기대값 | E1: PASS/FAIL
A2: 총 행수 | B2: COUNTA(FC_Chain_Data!A2:A119) | C2: =COUNTA(FC_Chain_Data!A2:A119) | D2: 118 | E2: =IF(C2=D2,"✅ PASS","❌ FAIL")
A3: FE구분 빈칸 | B3: COUNTBLANK(FC_Chain_Data!B2:B119) | C3: =COUNTBLANK(FC_Chain_Data!B2:B119) | D3: 0 | E3: =IF(C3=D3,"✅ PASS","❌ FAIL")
A4: FE(고장영향) 빈칸 | B4: COUNTBLANK(FC_Chain_Data!C2:C119) | C4: =COUNTBLANK(FC_Chain_Data!C2:C119) | D4: 0 | E4: =IF(C4=D4,"✅ PASS","❌ FAIL")
A5: S(심각도) 0건 | B5: COUNTIF(FC_Chain_Data!D2:D119,0) | C5: =COUNTIF(FC_Chain_Data!D2:D119,0) | D5: 0 | E5: =IF(C5=D5,"✅ PASS","❌ FAIL")
A6: 공정번호 빈칸 | B6: COUNTBLANK(FC_Chain_Data!E2:E119) | C6: =COUNTBLANK(FC_Chain_Data!E2:E119) | D6: 0 | E6: =IF(C6=D6,"✅ PASS","❌ FAIL")
A7: FM(고장형태) 빈칸 | B7: COUNTBLANK(FC_Chain_Data!G2:G119) | C7: =COUNTBLANK(FC_Chain_Data!G2:G119) | D7: 0 | E7: =IF(C7=D7,"✅ PASS","❌ FAIL")
A8: 4M 빈칸 | B8: COUNTBLANK(FC_Chain_Data!H2:H119) | C8: =COUNTBLANK(FC_Chain_Data!H2:H119) | D8: 0 | E8: =IF(C8=D8,"✅ PASS","❌ FAIL")
A9: 작업요소 빈칸 | B9: COUNTBLANK(FC_Chain_Data!I2:I119) | C9: =COUNTBLANK(FC_Chain_Data!I2:I119) | D9: 0 | E9: =IF(C9=D9,"✅ PASS","❌ FAIL")
A10: FC(고장원인) 빈칸 | B10: COUNTBLANK(FC_Chain_Data!J2:J119) | C10: =COUNTBLANK(FC_Chain_Data!J2:J119) | D10: 0 | E10: =IF(C10=D10,"✅ PASS","❌ FAIL")
A11: B5.예방관리 빈칸 | B11: COUNTBLANK(FC_Chain_Data!K2:K119) | C11: =COUNTBLANK(FC_Chain_Data!K2:K119) | D11: 0 | E11: =IF(C11=D11,"✅ PASS","❌ FAIL")
A12: A6.검출관리 빈칸 | B12: COUNTBLANK(FC_Chain_Data!L2:L119) | C12: =COUNTBLANK(FC_Chain_Data!L2:L119) | D12: 0 | E12: =IF(C12=D12,"✅ PASS","❌ FAIL")
A13: AP 빈칸 | B13: COUNTBLANK(FC_Chain_Data!O2:O119) | C13: =COUNTBLANK(FC_Chain_Data!O2:O119) | D13: 0 | E13: =IF(C13=D13,"✅ PASS","❌ FAIL")
A14: LinkID 빈칸 | B14: COUNTBLANK(FC_Chain_Data!P2:P119) | C14: =COUNTBLANK(FC_Chain_Data!P2:P119) | D14: 0 | E14: =IF(C14=D14,"✅ PASS","❌ FAIL")
A15: FM_ID 빈칸 | B15: COUNTBLANK(FC_Chain_Data!Q2:Q119) | C15: =COUNTBLANK(FC_Chain_Data!Q2:Q119) | D15: 0 | E15: =IF(C15=D15,"✅ PASS","❌ FAIL")
A16: FE_ID 빈칸 | B16: COUNTBLANK(FC_Chain_Data!R2:R119) | C16: =COUNTBLANK(FC_Chain_Data!R2:R119) | D16: 0 | E16: =IF(C16=D16,"✅ PASS","❌ FAIL")
A17: FC_ID 빈칸 | B17: COUNTBLANK(FC_Chain_Data!S2:S119) | C17: =COUNTBLANK(FC_Chain_Data!S2:S119) | D17: 0 | E17: =IF(C17=D17,"✅ PASS","❌ FAIL")
A18: FC_ID 고유 수 (1:N 허용) | B18: SUMPRODUCT(1/COUNTIF(FC_Chain_Data!S2:S119,FC_Chain_Data!S2:S119)) | C18: =SUMPRODUCT(1/COUNTIF(FC_Chain_Data!S2:S119,FC_Chain_Data!S2:S119)) | D18: 117 | E18: =IF(C18=D18,"✅ PASS","❌ FAIL")
A19: 고유 FM 수 | B19: SUMPRODUCT(1/COUNTIF(FC_Chain_Data!G2:G119,FC_Chain_Data!G2:G119)) | C19: =SUMPRODUCT(1/COUNTIF(FC_Chain_Data!G2:G119,FC_Chain_Data!G2:G119)) | D19: 26 | E19: =IF(C19=D19,"✅ PASS","❌ FAIL")
A20: 고유 FE 수 | B20: SUMPRODUCT(1/COUNTIF(FC_Chain_Data!C2:C119,FC_Chain_Data!C2:C119)) | C20: =SUMPRODUCT(1/COUNTIF(FC_Chain_Data!C2:C119,FC_Chain_Data!C2:C119)) | D20: 20 | E20: =IF(C20=D20,"✅ PASS","❌ FAIL")
A21: 고유 공정 수 | B21: SUMPRODUCT(1/COUNTIF(FC_Chain_Data!E2:E119,FC_Chain_Data!E2:E119)) | C21: =SUMPRODUCT(1/COUNTIF(FC_Chain_Data!E2:E119,FC_Chain_Data!E2:E119)) | D21: 21 | E21: =IF(C21=D21,"✅ PASS","❌ FAIL")
A23: 전체 판정 | E23: =IF(COUNTIF(E2:E21,"❌ FAIL")=0,"✅ ALL PASS","❌ FAIL 있음")

Sheet 검증2_공정별교차검증
A1: 공정No | B1: 공정명 | C1: 기대 FM수 | D1: 실제 FM수 (엑셀함수) | E1: 기대 FC수 | F1: 실제 FC수 (엑셀함수) | G1: FM 판정 | H1: FC 판정
A2: 01 | B2: 작업환경 | C2: 1 | D2: =SUMPRODUCT((FC_Chain_Data!E2:E119="01")*1/COUNTIFS(FC_Chain_Data!E2:E119,"01",FC_Chain_Data!G2:G119,FC_Chain_Data!G2:G119)) | E2: 8 | F2: =COUNTIF(FC_Chain_Data!E2:E119,"01") | G2: =IF(C2=D2,"✅","❌") | H2: =IF(E2=F2,"✅","❌")
A3: 10 | B3: IQA(수입검사) | C3: 2 | D3: =SUMPRODUCT((FC_Chain_Data!E2:E119="10")*1/COUNTIFS(FC_Chain_Data!E2:E119,"10",FC_Chain_Data!G2:G119,FC_Chain_Data!G2:G119)) | E3: 7 | F3: =COUNTIF(FC_Chain_Data!E2:E119,"10") | G3: =IF(C3=D3,"✅","❌") | H3: =IF(E3=F3,"✅","❌")
A4: 20 | B4: Sorter | C4: 2 | D4: =SUMPRODUCT((FC_Chain_Data!E2:E119="20")*1/COUNTIFS(FC_Chain_Data!E2:E119,"20",FC_Chain_Data!G2:G119,FC_Chain_Data!G2:G119)) | E4: 7 | F4: =COUNTIF(FC_Chain_Data!E2:E119,"20") | G4: =IF(C4=D4,"✅","❌") | H4: =IF(E4=F4,"✅","❌")
A5: 30 | B5: Scrubber | C5: 1 | D5: =SUMPRODUCT((FC_Chain_Data!E2:E119="30")*1/COUNTIFS(FC_Chain_Data!E2:E119,"30",FC_Chain_Data!G2:G119,FC_Chain_Data!G2:G119)) | E5: 4 | F5: =COUNTIF(FC_Chain_Data!E2:E119,"30") | G5: =IF(C5=D5,"✅","❌") | H5: =IF(E5=F5,"✅","❌")
A6: 40 | B6: UBM Sputter | C6: 2 | D6: =SUMPRODUCT((FC_Chain_Data!E2:E119="40")*1/COUNTIFS(FC_Chain_Data!E2:E119,"40",FC_Chain_Data!G2:G119,FC_Chain_Data!G2:G119)) | E6: 14 | F6: =COUNTIF(FC_Chain_Data!E2:E119,"40") | G6: =IF(C6=D6,"✅","❌") | H6: =IF(E6=F6,"✅","❌")
A7: 50 | B7: Scrubber2 | C7: 1 | D7: =SUMPRODUCT((FC_Chain_Data!E2:E119="50")*1/COUNTIFS(FC_Chain_Data!E2:E119,"50",FC_Chain_Data!G2:G119,FC_Chain_Data!G2:G119)) | E7: 4 | F7: =COUNTIF(FC_Chain_Data!E2:E119,"50") | G7: =IF(C7=D7,"✅","❌") | H7: =IF(E7=F7,"✅","❌")
A8: 60 | B8: PR Coating | C8: 1 | D8: =SUMPRODUCT((FC_Chain_Data!E2:E119="60")*1/COUNTIFS(FC_Chain_Data!E2:E119,"60",FC_Chain_Data!G2:G119,FC_Chain_Data!G2:G119)) | E8: 4 | F8: =COUNTIF(FC_Chain_Data!E2:E119,"60") | G8: =IF(C8=D8,"✅","❌") | H8: =IF(E8=F8,"✅","❌")
A9: 70 | B9: Exposure | C9: 1 | D9: =SUMPRODUCT((FC_Chain_Data!E2:E119="70")*1/COUNTIFS(FC_Chain_Data!E2:E119,"70",FC_Chain_Data!G2:G119,FC_Chain_Data!G2:G119)) | E9: 4 | F9: =COUNTIF(FC_Chain_Data!E2:E119,"70") | G9: =IF(C9=D9,"✅","❌") | H9: =IF(E9=F9,"✅","❌")
A10: 80 | B10: Develop | C10: 1 | D10: =SUMPRODUCT((FC_Chain_Data!E2:E119="80")*1/COUNTIFS(FC_Chain_Data!E2:E119,"80",FC_Chain_Data!G2:G119,FC_Chain_Data!G2:G119)) | E10: 4 | F10: =COUNTIF(FC_Chain_Data!E2:E119,"80") | G10: =IF(C10=D10,"✅","❌") | H10: =IF(E10=F10,"✅","❌")
A11: 90 | B11: Descum | C11: 1 | D11: =SUMPRODUCT((FC_Chain_Data!E2:E119="90")*1/COUNTIFS(FC_Chain_Data!E2:E119,"90",FC_Chain_Data!G2:G119,FC_Chain_Data!G2:G119)) | E11: 4 | F11: =COUNTIF(FC_Chain_Data!E2:E119,"90") | G11: =IF(C11=D11,"✅","❌") | H11: =IF(E11=F11,"✅","❌")
A12: 100 | B12: Au Plating | C12: 2 | D12: =SUMPRODUCT((FC_Chain_Data!E2:E119="100")*1/COUNTIFS(FC_Chain_Data!E2:E119,"100",FC_Chain_Data!G2:G119,FC_Chain_Data!G2:G119)) | E12: 9 | F12: =COUNTIF(FC_Chain_Data!E2:E119,"100") | G12: =IF(C12=D12,"✅","❌") | H12: =IF(E12=F12,"✅","❌")
A13: 110 | B13: PR Strip | C13: 1 | D13: =SUMPRODUCT((FC_Chain_Data!E2:E119="110")*1/COUNTIFS(FC_Chain_Data!E2:E119,"110",FC_Chain_Data!G2:G119,FC_Chain_Data!G2:G119)) | E13: 4 | F13: =COUNTIF(FC_Chain_Data!E2:E119,"110") | G13: =IF(C13=D13,"✅","❌") | H13: =IF(E13=F13,"✅","❌")
A14: 120 | B14: Au Etch | C14: 1 | D14: =SUMPRODUCT((FC_Chain_Data!E2:E119="120")*1/COUNTIFS(FC_Chain_Data!E2:E119,"120",FC_Chain_Data!G2:G119,FC_Chain_Data!G2:G119)) | E14: 6 | F14: =COUNTIF(FC_Chain_Data!E2:E119,"120") | G14: =IF(C14=D14,"✅","❌") | H14: =IF(E14=F14,"✅","❌")
A15: 130 | B15: TiW Etch | C15: 1 | D15: =SUMPRODUCT((FC_Chain_Data!E2:E119="130")*1/COUNTIFS(FC_Chain_Data!E2:E119,"130",FC_Chain_Data!G2:G119,FC_Chain_Data!G2:G119)) | E15: 5 | F15: =COUNTIF(FC_Chain_Data!E2:E119,"130") | G15: =IF(C15=D15,"✅","❌") | H15: =IF(E15=F15,"✅","❌")
A16: 140 | B16: Anneal | C16: 1 | D16: =SUMPRODUCT((FC_Chain_Data!E2:E119="140")*1/COUNTIFS(FC_Chain_Data!E2:E119,"140",FC_Chain_Data!G2:G119,FC_Chain_Data!G2:G119)) | E16: 5 | F16: =COUNTIF(FC_Chain_Data!E2:E119,"140") | G16: =IF(C16=D16,"✅","❌") | H16: =IF(E16=F16,"✅","❌")
A17: 150 | B17: Final Inspection | C17: 2 | D17: =SUMPRODUCT((FC_Chain_Data!E2:E119="150")*1/COUNTIFS(FC_Chain_Data!E2:E119,"150",FC_Chain_Data!G2:G119,FC_Chain_Data!G2:G119)) | E17: 9 | F17: =COUNTIF(FC_Chain_Data!E2:E119,"150") | G17: =IF(C17=D17,"✅","❌") | H17: =IF(E17=F17,"✅","❌")
A18: 160 | B18: Clean | C18: 1 | D18: =SUMPRODUCT((FC_Chain_Data!E2:E119="160")*1/COUNTIFS(FC_Chain_Data!E2:E119,"160",FC_Chain_Data!G2:G119,FC_Chain_Data!G2:G119)) | E18: 4 | F18: =COUNTIF(FC_Chain_Data!E2:E119,"160") | G18: =IF(C18=D18,"✅","❌") | H18: =IF(E18=F18,"✅","❌")
A19: 170 | B19: Scrubber3 | C19: 1 | D19: =SUMPRODUCT((FC_Chain_Data!E2:E119="170")*1/COUNTIFS(FC_Chain_Data!E2:E119,"170",FC_Chain_Data!G2:G119,FC_Chain_Data!G2:G119)) | E19: 4 | F19: =COUNTIF(FC_Chain_Data!E2:E119,"170") | G19: =IF(C19=D19,"✅","❌") | H19: =IF(E19=F19,"✅","❌")
A20: 180 | B20: Sorter3 | C20: 1 | D20: =SUMPRODUCT((FC_Chain_Data!E2:E119="180")*1/COUNTIFS(FC_Chain_Data!E2:E119,"180",FC_Chain_Data!G2:G119,FC_Chain_Data!G2:G119)) | E20: 4 | F20: =COUNTIF(FC_Chain_Data!E2:E119,"180") | G20: =IF(C20=D20,"✅","❌") | H20: =IF(E20=F20,"✅","❌")
A21: 190 | B21: AVI | C21: 1 | D21: =SUMPRODUCT((FC_Chain_Data!E2:E119="190")*1/COUNTIFS(FC_Chain_Data!E2:E119,"190",FC_Chain_Data!G2:G119,FC_Chain_Data!G2:G119)) | E21: 4 | F21: =COUNTIF(FC_Chain_Data!E2:E119,"190") | G21: =IF(C21=D21,"✅","❌") | H21: =IF(E21=F21,"✅","❌")
A22: 200 | B22: OGI/Packing | C22: 1 | D22: =SUMPRODUCT((FC_Chain_Data!E2:E119="200")*1/COUNTIFS(FC_Chain_Data!E2:E119,"200",FC_Chain_Data!G2:G119,FC_Chain_Data!G2:G119)) | E22: 4 | F22: =COUNTIF(FC_Chain_Data!E2:E119,"200") | G22: =IF(C22=D22,"✅","❌") | H22: =IF(E22=F22,"✅","❌")
A23: 합계 | C23: 26 | D23: =SUM(D2:D22) | E23: 118 | F23: =SUM(F2:F22) | G23: =IF(C23=D23,"✅ ALL","❌") | H23: =IF(E23=F23,"✅ ALL","❌")

Sheet 검증3_FK_UUID검증
A1: 검증 항목 | B1: 공식 | C1: 결과 | D1: 기대값 | E1: PASS/FAIL
A2: LinkID 고유 수 | B2: SUMPRODUCT(1/COUNTIF(FC_Chain_Data!P2:P119,FC_Chain_Data!P2:P119)) | C2: =SUMPRODUCT(1/COUNTIF(FC_Chain_Data!P2:P119,FC_Chain_Data!P2:P119)) | D2: 118 | E2: =IF(C2=D2,"✅ PASS","❌ FAIL")
A3: FC_ID 고유 수 (1:N 허용) | B3: SUMPRODUCT(1/COUNTIF(FC_Chain_Data!S2:S119,FC_Chain_Data!S2:S119)) | C3: =SUMPRODUCT(1/COUNTIF(FC_Chain_Data!S2:S119,FC_Chain_Data!S2:S119)) | D3: 117 | E3: =IF(C3=D3,"✅ PASS","❌ FAIL")
A4: FM_ID 고유 수 | B4: SUMPRODUCT(1/COUNTIF(FC_Chain_Data!Q2:Q119,FC_Chain_Data!Q2:Q119)) | C4: =SUMPRODUCT(1/COUNTIF(FC_Chain_Data!Q2:Q119,FC_Chain_Data!Q2:Q119)) | D4: 26 | E4: =IF(C4=D4,"✅ PASS","❌ FAIL")
A5: FE_ID 고유 수 | B5: SUMPRODUCT(1/COUNTIF(FC_Chain_Data!R2:R119,FC_Chain_Data!R2:R119)) | C5: =SUMPRODUCT(1/COUNTIF(FC_Chain_Data!R2:R119,FC_Chain_Data!R2:R119)) | D5: 20 | E5: =IF(C5=D5,"✅ PASS","❌ FAIL")
A6: LinkID 유효 (비어있지 않음) | B6: COUNTA(FC_Chain_Data!P2:P119) | C6: =COUNTA(FC_Chain_Data!P2:P119) | D6: 118 | E6: =IF(C6=D6,"✅ PASS","❌ FAIL")
A7: FM_ID "PF-L2-" 접두사 | B7: COUNTIF(FC_Chain_Data!Q2:Q119,"PF-L2-*") | C7: =COUNTIF(FC_Chain_Data!Q2:Q119,"PF-L2-*") | D7: 118 | E7: =IF(C7=D7,"✅ PASS","❌ FAIL")
A8: FE_ID "PF-L1-" 접두사 | B8: COUNTIF(FC_Chain_Data!R2:R119,"PF-L1-*") | C8: =COUNTIF(FC_Chain_Data!R2:R119,"PF-L1-*") | D8: 118 | E8: =IF(C8=D8,"✅ PASS","❌ FAIL")
A9: FC_ID "PF-L3-" 접두사 | B9: COUNTIF(FC_Chain_Data!S2:S119,"PF-L3-*") | C9: =COUNTIF(FC_Chain_Data!S2:S119,"PF-L3-*") | D9: 118 | E9: =IF(C9=D9,"✅ PASS","❌ FAIL")
A10: AP H 건수 | B10: COUNTIF(FC_Chain_Data!O2:O119,"H") | C10: =COUNTIF(FC_Chain_Data!O2:O119,"H") | D10: 8 | E10: =IF(C10=D10,"✅ PASS","❌ FAIL")
A11: AP M 건수 | B11: COUNTIF(FC_Chain_Data!O2:O119,"M") | C11: =COUNTIF(FC_Chain_Data!O2:O119,"M") | D11: 25 | E11: =IF(C11=D11,"✅ PASS","❌ FAIL")
A12: AP L 건수 | B12: COUNTIF(FC_Chain_Data!O2:O119,"L") | C12: =COUNTIF(FC_Chain_Data!O2:O119,"L") | D12: 85 | E12: =IF(C12=D12,"✅ PASS","❌ FAIL")
A13: YP FE 건수 | B13: COUNTIF(FC_Chain_Data!B2:B119,"YP") | C13: =COUNTIF(FC_Chain_Data!B2:B119,"YP") | D13: 76 | E13: =IF(C13=D13,"✅ PASS","❌ FAIL")
A14: SP FE 건수 | B14: COUNTIF(FC_Chain_Data!B2:B119,"SP") | C14: =COUNTIF(FC_Chain_Data!B2:B119,"SP") | D14: 28 | E14: =IF(C14=D14,"✅ PASS","❌ FAIL")
A15: USER FE 건수 | B15: COUNTIF(FC_Chain_Data!B2:B119,"USER") | C15: =COUNTIF(FC_Chain_Data!B2:B119,"USER") | D15: 14 | E15: =IF(C15=D15,"✅ PASS","❌ FAIL")
A16: 4M=MN 건수 | B16: COUNTIF(FC_Chain_Data!H2:H119,"MN") | C16: =COUNTIF(FC_Chain_Data!H2:H119,"MN") | D16: 21 | E16: =IF(C16=D16,"✅ PASS","❌ FAIL")
A17: 4M=MC 건수 | B17: COUNTIF(FC_Chain_Data!H2:H119,"MC") | C17: =COUNTIF(FC_Chain_Data!H2:H119,"MC") | D17: 48 | E17: =IF(C17=D17,"✅ PASS","❌ FAIL")
A18: 4M=IM 건수 | B18: COUNTIF(FC_Chain_Data!H2:H119,"IM") | C18: =COUNTIF(FC_Chain_Data!H2:H119,"IM") | D18: 25 | E18: =IF(C18=D18,"✅ PASS","❌ FAIL")
A19: 4M=EN 건수 | B19: COUNTIF(FC_Chain_Data!H2:H119,"EN") | C19: =COUNTIF(FC_Chain_Data!H2:H119,"EN") | D19: 24 | E19: =IF(C19=D19,"✅ PASS","❌ FAIL")
A21: 전체 판정 | E21: =IF(COUNTIF(E2:E19,"❌ FAIL")=0,"✅ ALL PASS (3회 검증 완료)","❌ FAIL 있음")

Sheet 요약_대시보드
A1: pfm26-m069 FC Chain 검증 대시보드
A3: 항목 | B3: 값
A4: fmeaId | B4: pfm26-m069
A5: 생성일 | B5: 2026-03-18
A6: 총 FC Chain 수 | B6: 118
A7: 고유 FM 수 | B7: 26
A8: 고유 FE 수 | B8: 20
A9: 고유 FC 수 | B9: 118
A10: 고유 공정 수 | B10: 21
A11: DC 커버리지 | B11: 100%
A12: PC 커버리지 | B12: 100%
A14: 검증1 (필드완전성) | B14: =검증1_필드완전성!E23
A15: 검증2 (공정별교차) | B15: =검증2_공정별교차검증!H23
A16: 검증3 (FK/UUID) | B16: =검증3_FK_UUID검증!E21
A18: AP 분포
A19: H (High) | B19: 8
A20: M (Medium) | B20: 25
A21: L (Low) | B21: 85
A23: FE구분 분포
A24: YP | B24: 76
A25: SP | B25: 28
A26: USER | B26: 14
A28: 4M 분포
A29: MN (Man) | B29: 21
A30: MC (Machine) | B30: 48
A31: IM (Material) | B31: 25
A32: EN (Environment) | B32: 24
